Nat,Pokemon,Type I,Type II,Total,HP,Atk,Def,SpA,SpD,Spe,Gender,legendary
1,Bulbasaur,GRASS,POISON,318,45,49,49,65,65,45,,FALSE
2,Ivysaur,GRASS,POISON,405,60,62,63,80,80,60,,FALSE
3,Venusaur,GRASS,POISON,525,80,82,83,100,100,80,,FALSE
3,Mega Venusaur,GRASS,POISON,625,80,100,123,122,120,80,,FALSE
3,Gigantamax Venusaur,GRASS,POISON,525,80,82,83,100,100,80,,FALSE
4,Charmander,FIRE,,309,39,52,43,60,50,65,,FALSE
5,Charmeleon,FIRE,,405,58,64,58,80,65,80,,FALSE
6,Charizard,FIRE,FLYING,534,78,84,78,109,85,100,,FALSE
6,Mega Charizard X,FIRE,DRAGON,634,78,130,111,130,85,100,,FALSE
6,Mega Charizard Y,FIRE,FLYING,634,78,104,78,159,115,100,,FALSE
6,Gigantamax Charizard,FIRE,FLYING,534,78,84,78,109,85,100,,FALSE
7,Squirtle,WATER,,314,44,48,65,50,64,43,,FALSE
8,Wartortle,WATER,,405,59,63,80,65,80,58,,FALSE
9,Blastoise,WATER,,530,79,83,100,85,105,78,,FALSE
9,Mega Blastoise,WATER,,630,79,103,120,135,115,78,,FALSE
9,Gigantamax Blasoise,WATER,,530,79,83,100,85,105,78,,FALSE
10,Caterpie,BUG,,195,45,30,35,20,20,45,,FALSE
11,Metapod,BUG,,205,50,20,55,25,25,30,,FALSE
12,Butterfree,BUG,FLYING,395,60,45,50,90,80,70,,FALSE
12,Gigantamax Butterfree,BUG,FLYING,395,60,45,50,90,80,70,,FALSE
13,Weedle,BUG,POISON,195,40,35,30,20,20,50,,FALSE
14,Kakuna,BUG,POISON,205,45,25,50,25,25,35,,FALSE
15,Beedrill,BUG,POISON,395,65,90,40,45,80,75,,FALSE
15,Mega Beedrill,BUG,POISON,495,65,150,40,15,80,145,,FALSE
16,Pidgey,NORMAL,FLYING,251,40,45,40,35,35,56,,FALSE
17,Pidgeotto,NORMAL,FLYING,349,63,60,55,50,50,71,,FALSE
18,Pidgeot,NORMAL,FLYING,479,83,80,75,70,70,101,,FALSE
18,Mega Pidgeot,NORMAL,FLYING,579,83,80,80,135,80,121,,FALSE
19,Rattata,NORMAL,,253,30,56,35,25,35,72,,FALSE
19,Alolan Rattata,DARK,NORMAL,253,30,56,35,25,35,72,,FALSE
20,Raticate,NORMAL,,413,55,81,60,50,70,97,,FALSE
20,Alolan Raticate,DARK,NORMAL,413,75,71,70,40,80,77,,FALSE
21,Spearow,NORMAL,FLYING,262,40,60,30,31,31,70,,FALSE
22,Fearow,NORMAL,FLYING,442,65,90,65,61,61,100,,FALSE
23,Ekans,POISON,,288,35,60,44,40,54,55,,FALSE
24,Arbok,POISON,,438,60,85,69,65,79,80,,FALSE
25,Pikachu,ELECTRIC,,320,35,55,40,50,50,90,,FALSE
25,Gigantamax Pikachu,ELECTRIC,,320,35,55,40,50,50,90,,FALSE
26,Raichu,ELECTRIC,,485,60,90,55,90,80,110,,FALSE
26,Alolan Raichu,ELECTRIC,PSYCHIC,485,60,85,50,95,85,110,,FALSE
27,Sandshrew,GROUND,,300,50,75,85,20,30,40,,FALSE
27,Alolan Sandshrew,ICE,STEEL,300,50,75,90,10,35,40,,FALSE
28,Sandslash,GROUND,,450,75,100,110,45,55,65,,FALSE
28,Alolan Sandslash,ICE,STEEL,450,75,100,120,25,65,65,,FALSE
29,Nidoran♀,POISON,,275,55,47,52,40,40,41,,FALSE
30,Nidorina,POISON,,365,70,62,67,55,55,56,,FALSE
31,Nidoqueen,POISON,GROUND,505,90,92,87,75,85,76,,FALSE
32,Nidoran♂,POISON,,273,46,57,40,40,40,50,,FALSE
33,Nidorino,POISON,,365,61,72,57,55,55,65,,FALSE
34,Nidoking,POISON,GROUND,505,81,102,77,85,75,85,,FALSE
35,CleFAIRY,FAIRY,,323,70,45,48,60,65,35,,FALSE
36,Clefable,FAIRY,,483,95,70,73,95,90,60,,FALSE
37,Vulpix,FIRE,,299,38,41,40,50,65,65,,FALSE
37,Alolan Vulpix,ICE,,299,38,41,40,50,65,65,,FALSE
38,Ninetales,FIRE,,505,73,76,75,81,100,100,,FALSE
38,Alolan Ninetales,ICE,FAIRY,505,73,67,75,81,100,109,,FALSE
39,Jigglypuff,NORMAL,FAIRY,270,115,45,20,45,25,20,,FALSE
40,Wigglytuff,NORMAL,FAIRY,435,140,70,45,85,50,45,,FALSE
41,Zubat,POISON,FLYING,245,40,45,35,30,40,55,,FALSE
42,Golbat,POISON,FLYING,455,75,80,70,65,75,90,,FALSE
43,Oddish,GRASS,POISON,320,45,50,55,75,65,30,,FALSE
44,Gloom,GRASS,POISON,395,60,65,70,85,75,40,,FALSE
45,Vileplume,GRASS,POISON,490,75,80,85,110,90,50,,FALSE
46,Paras,BUG,GRASS,285,35,70,55,45,55,25,,FALSE
47,Parasect,BUG,GRASS,405,60,95,80,60,80,30,,FALSE
48,Venonat,BUG,POISON,305,60,55,50,40,55,45,,FALSE
49,Venomoth,BUG,POISON,450,70,65,60,90,75,90,,FALSE
50,Diglett,GROUND,,265,10,55,25,35,45,95,,FALSE
50,Alolan Diglett,GROUND,STEEL,265,10,55,30,35,45,90,,FALSE
51,Dugtrio,GROUND,,405,35,80,50,50,70,120,,FALSE
51,Alolan Dugtrio,GROUND,STEEL,425,35,100,60,50,70,110,,FALSE
52,Meowth,NORMAL,,290,40,45,35,40,40,90,,FALSE
53,Gigantamax Meowth,NORMAL,,290,40,45,35,40,40,90,,FALSE
52,Alolan Meowth,DARK,,290,40,35,35,50,40,90,,FALSE
52,Galarian Meowth,STEEL,,290,50,65,55,40,40,40,,FALSE
53,Persian,NORMAL,,440,65,70,60,65,65,115,,FALSE
53,Alolan Persian,DARK,,440,65,60,60,75,65,115,,FALSE
54,Psyduck,WATER,,320,50,52,48,65,50,55,,FALSE
55,Golduck,WATER,,500,80,82,78,95,80,85,,FALSE
56,Mankey,FIGHTING,,305,40,80,35,35,45,70,,FALSE
57,Primeape,FIGHTING,,455,65,105,60,60,70,95,,FALSE
58,Growlithe,FIRE,,350,55,70,45,70,50,60,,FALSE
59,Arcanine,FIRE,,555,90,110,80,100,80,95,,FALSE
60,Poliwag,WATER,,300,40,50,40,40,40,90,,FALSE
61,Poliwhirl,WATER,,385,65,65,65,50,50,90,,FALSE
62,Poliwrath,WATER,FIGHTING,510,90,95,95,70,90,70,,FALSE
63,Abra,PSYCHIC,,310,25,20,15,105,55,90,,FALSE
64,Kadabra,PSYCHIC,,400,40,35,30,120,70,105,,FALSE
65,Alakazam,PSYCHIC,,500,55,50,45,135,95,120,,FALSE
65,Mega Alakazam,PSYCHIC,,590,55,50,65,175,95,150,,FALSE
66,Machop,FIGHTING,,305,70,80,50,35,35,35,,FALSE
67,Machoke,FIGHTING,,405,80,100,70,50,60,45,,FALSE
68,Machamp,FIGHTING,,505,90,130,80,65,85,55,,FALSE
68,Gigantamax Machamp,FIGHTING,,505,90,130,80,65,85,55,,FALSE
69,Bellsprout,GRASS,POISON,300,50,75,35,70,30,40,,FALSE
70,Weepinbell,GRASS,POISON,390,65,90,50,85,45,55,,FALSE
71,Victreebel,GRASS,POISON,490,80,105,65,100,70,70,,FALSE
72,Tentacool,WATER,POISON,335,40,40,35,50,100,70,,FALSE
73,Tentacruel,WATER,POISON,515,80,70,65,80,120,100,,FALSE
74,Geodude,ROCK,GROUND,300,40,80,100,30,30,20,,FALSE
74,Alolan Geodude,ROCK,ELECTRIC,300,40,80,100,30,30,20,,FALSE
75,Graveler,ROCK,GROUND,390,55,95,115,45,45,35,,FALSE
75,Alolan Graveler,ROCK,ELECTRIC,390,55,95,115,45,45,35,,FALSE
76,Golem,ROCK,GROUND,495,80,120,130,55,65,45,,FALSE
76,Alolan Golem,ROCK,ELECTRIC,495,80,120,130,55,65,45,,FALSE
77,Ponyta,FIRE,,410,50,85,55,65,65,90,,FALSE
77,Galarian Ponyta,PSYCHIC,FAIRY,410,50,85,55,65,65,90,,FALSE
78,Rapidash,FIRE,,500,65,100,70,80,80,105,,FALSE
78,Galarian Rapidash,PSYCHIC,FAIRY,500,65,100,70,80,80,105,,FALSE
79,Slowpoke,WATER,PSYCHIC,315,90,65,65,40,40,15,,FALSE
79,Galarian Slowpoke,PSYCHIC,,315,90,65,65,40,40,15,,FALSE
80,Slowbro,WATER,PSYCHIC,490,95,75,110,100,80,30,,FALSE
80,Galarian Slowbro,POISON,PSYCHIC,490,95,100,95,100,70,30,,FALSE
80,Mega Slowbro,WATER,PSYCHIC,590,95,75,180,130,80,30,,FALSE
81,Magnemite,ELECTRIC,STEEL,325,25,35,70,95,55,45,,FALSE
82,Magneton,ELECTRIC,STEEL,465,50,60,95,120,70,70,,FALSE
83,Farfetch'd,NORMAL,FLYING,377,52,90,55,58,62,60,,FALSE
83,Galarian Farfetched,FIGHTING,,377,52,95,55,58,62,55,,FALSE
84,Doduo,NORMAL,FLYING,310,35,85,45,35,35,75,,FALSE
85,Dodrio,NORMAL,FLYING,460,60,110,70,60,60,100,,FALSE
86,Seel,WATER,,325,65,45,55,45,70,45,,FALSE
87,Dewgong,WATER,ICE,475,90,70,80,70,95,70,,FALSE
88,Grimer,POISON,,325,80,80,50,40,50,25,,FALSE
88,Alolan Grimer,POISON,DARK,325,80,80,50,40,50,25,,FALSE
89,Muk,POISON,,500,105,105,75,65,100,50,,FALSE
89,Alolan Muk,POISON,DARK,500,105,105,75,65,100,50,,FALSE
90,Shellder,WATER,,305,30,65,100,45,25,40,,FALSE
91,Cloyster,WATER,ICE,525,50,95,180,85,45,70,,FALSE
92,Gastly,GHOST,POISON,310,30,35,30,100,35,80,,FALSE
93,Haunter,GHOST,POISON,405,45,50,45,115,55,95,,FALSE
94,Gengar,GHOST,POISON,500,60,65,60,130,75,110,,FALSE
94,Mega Gengar,GHOST,POISON,600,60,65,80,170,95,130,,FALSE
94,Gigantamax Gengar,GHOST,POISON,500,60,65,60,130,75,110,,FALSE
95,Onix,ROCK,GROUND,385,35,45,160,30,45,70,,FALSE
96,Drowzee,PSYCHIC,,328,60,48,45,43,90,42,,FALSE
97,Hypno,PSYCHIC,,483,85,73,70,73,115,67,,FALSE
98,Krabby,WATER,,325,30,105,90,25,25,50,,FALSE
99,Kingler,WATER,,475,55,130,115,50,50,75,,FALSE
99,Gigantamax Kingler,WATER,,475,55,130,115,50,50,75,,FALSE
100,Voltorb,ELECTRIC,,330,40,30,50,55,55,100,,FALSE
101,Electrode,ELECTRIC,,480,60,50,70,80,80,140,,FALSE
102,Exeggcute,GRASS,PSYCHIC,325,60,40,80,60,45,40,,FALSE
103,Exeggutor,GRASS,PSYCHIC,520,95,95,85,125,65,55,,FALSE
103,Alolan Exeggutor,GRASS,DRAGON,530,95,105,85,125,75,45,,FALSE
104,Cubone,GROUND,,320,50,50,95,40,50,35,,FALSE
105,Marowak,GROUND,,425,60,80,110,50,80,45,,FALSE
105,Alolan Marowak,FIRE,GHOST,425,60,80,110,50,80,45,,FALSE
106,Hitmonlee,FIGHTING,,455,50,120,53,35,110,87,,FALSE
107,Hitmonchan,FIGHTING,,455,50,105,79,35,110,76,,FALSE
108,Lickitung,NORMAL,,385,90,55,75,60,75,30,,FALSE
109,Koffing,POISON,,340,40,65,95,60,45,35,,FALSE
110,Weezing,POISON,,490,65,90,120,85,70,60,,FALSE
110,Galarian Weezing,POISON,FAIRY,490,65,90,120,85,70,60,,FALSE
111,Rhyhorn,GROUND,ROCK,345,80,85,95,30,30,25,,FALSE
112,Rhydon,GROUND,ROCK,485,105,130,120,45,45,40,,FALSE
113,Chansey,NORMAL,,450,250,5,5,35,105,50,,FALSE
114,Tangela,GRASS,,435,65,55,115,100,40,60,,FALSE
115,Kangaskhan,NORMAL,,490,105,95,80,40,80,90,,FALSE
115,Mega Kangaskhan,NORMAL,,590,105,125,100,60,100,100,,FALSE
116,Horsea,WATER,,295,30,40,70,70,25,60,,FALSE
117,Seadra,WATER,,440,55,65,95,95,45,85,,FALSE
118,Goldeen,WATER,,320,45,67,60,35,50,63,,FALSE
119,Seaking,WATER,,450,80,92,65,65,80,68,,FALSE
120,Staryu,WATER,,340,30,45,55,70,55,85,,FALSE
121,Starmie,WATER,PSYCHIC,520,60,75,85,100,85,115,,FALSE
122,Mr. Mime,PSYCHIC,FAIRY,460,40,45,65,100,120,90,,FALSE
122,Galarian Mr. Mime,ICE,PSYCHIC,460,50,65,65,90,90,100,,FALSE
123,Scyther,BUG,FLYING,500,70,110,80,55,80,105,,FALSE
124,Jynx,ICE,PSYCHIC,455,65,50,35,115,95,95,,FALSE
125,Electabuzz,ELECTRIC,,490,65,83,57,95,85,105,,FALSE
126,Magmar,FIRE,,495,65,95,57,100,85,93,,FALSE
127,Pinsir,BUG,,500,65,125,100,55,70,85,,FALSE
127,Mega Pinsir,BUG,FLYING,600,65,155,120,65,90,105,,FALSE
128,Tauros,NORMAL,,490,75,100,95,40,70,110,,FALSE
129,Magikarp,WATER,,200,20,10,55,15,20,80,,FALSE
130,Gyarados,WATER,FLYING,540,95,125,79,60,100,81,,FALSE
130,Mega Gyarados,WATER,DARK,640,95,155,109,70,130,81,,FALSE
131,Lapras,WATER,ICE,535,130,85,80,85,95,60,,FALSE
131,Gigantamax Lapras,WATER,ICE,535,130,85,80,85,95,60,,FALSE
132,Ditto,NORMAL,,288,48,48,48,48,48,48,,FALSE
133,Eevee,NORMAL,,325,55,55,50,45,65,55,,FALSE
133,Gigantamax Eevee,NORMAL,,325,55,55,50,45,65,55,,FALSE
134,Vaporeon,WATER,,525,130,65,60,110,95,65,,FALSE
135,Jolteon,ELECTRIC,,525,65,65,60,110,95,130,,FALSE
136,Flareon,FIRE,,525,65,130,60,95,110,65,,FALSE
137,Porygon,NORMAL,,395,65,60,70,85,75,40,,FALSE
138,Omanyte,ROCK,WATER,355,35,40,100,90,55,35,,FALSE
139,Omastar,ROCK,WATER,495,70,60,125,115,70,55,,FALSE
140,Kabuto,ROCK,WATER,355,30,80,90,55,45,55,,FALSE
141,Kabutops,ROCK,WATER,495,60,115,105,65,70,80,,FALSE
142,Aerodactyl,ROCK,FLYING,515,80,105,65,60,75,130,,FALSE
142,Mega Aerodactyl,ROCK,FLYING,615,80,135,85,70,95,150,,FALSE
143,Snorlax,NORMAL,,540,160,110,65,65,110,30,,FALSE
143,Gigantamax Snorlax,NORMAL,,540,160,110,65,65,110,30,,FALSE
144,Articuno,ICE,FLYING,580,90,85,100,95,125,85,,TRUE
144,Galarian Articuno,PSYCHIC,FLYING,580,90,85,85,125,100,95,,TRUE
145,Zapdos,ELECTRIC,FLYING,580,90,90,85,125,90,100,,TRUE
145,Galarian Zapdos,FIGHTING,FLYING,580,90,125,90,85,90,100,,TRUE
146,Moltres,FIRE,FLYING,580,90,100,90,125,85,90,,TRUE
146,Galarian Moltres,DARK,FLYING,580,90,85,90,100,125,90,,TRUE
147,Dratini,DRAGON,,300,41,64,45,50,50,50,,FALSE
148,DRAGONair,DRAGON,,420,61,84,65,70,70,70,,FALSE
149,DRAGONite,DRAGON,FLYING,600,91,134,95,100,100,80,,FALSE
150,Mewtwo,PSYCHIC,,680,106,110,90,154,90,130,,TRUE
150,Mega Mewtwo X,PSYCHIC,FIGHTING,780,106,190,100,154,100,130,,TRUE
150,Mega Mewtwo Y,PSYCHIC,,780,106,150,70,194,120,140,,TRUE
151,Mew,PSYCHIC,,600,100,100,100,100,100,100,,TRUE
152,Chikorita,GRASS,,318,45,49,65,49,65,45,,FALSE
153,Bayleef,GRASS,,405,60,62,80,63,80,60,,FALSE
154,Meganium,GRASS,,525,80,82,100,83,100,80,,FALSE
155,Cyndaquil,FIRE,,309,39,52,43,60,50,65,,FALSE
156,Quilava,FIRE,,405,58,64,58,80,65,80,,FALSE
157,Typhlosion,FIRE,,534,78,84,78,109,85,100,,FALSE
158,Totodile,WATER,,314,50,65,64,44,48,43,,FALSE
159,Croconaw,WATER,,405,65,80,80,59,63,58,,FALSE
160,Feraligatr,WATER,,530,85,105,100,79,83,78,,FALSE
161,Sentret,NORMAL,,215,35,46,34,35,45,20,,FALSE
162,Furret,NORMAL,,415,85,76,64,45,55,90,,FALSE
163,Hoothoot,NORMAL,FLYING,262,60,30,30,36,56,50,,FALSE
164,Noctowl,NORMAL,FLYING,442,100,50,50,76,96,70,,FALSE
165,Ledyba,BUG,FLYING,265,40,20,30,40,80,55,,FALSE
166,Ledian,BUG,FLYING,390,55,35,50,55,110,85,,FALSE
167,Spinarak,BUG,POISON,250,40,60,40,40,40,30,,FALSE
168,Ariados,BUG,POISON,390,70,90,70,60,60,40,,FALSE
169,Crobat,POISON,FLYING,535,85,90,80,70,80,130,,FALSE
170,Chinchou,WATER,ELECTRIC,330,75,38,38,56,56,67,,FALSE
171,Lanturn,WATER,ELECTRIC,460,125,58,58,76,76,67,,FALSE
172,Pichu,ELECTRIC,,205,20,40,15,35,35,60,,FALSE
173,Cleffa,FAIRY,,218,50,25,28,45,55,15,,FALSE
174,Igglybuff,NORMAL,FAIRY,210,90,30,15,40,20,15,,FALSE
175,Togepi,FAIRY,,245,35,20,65,40,65,20,,FALSE
176,Togetic,FAIRY,FLYING,405,55,40,85,80,105,40,,FALSE
177,Natu,PSYCHIC,FLYING,320,40,50,45,70,45,70,,FALSE
178,Xatu,PSYCHIC,FLYING,470,65,75,70,95,70,95,,FALSE
179,Mareep,ELECTRIC,,280,55,40,40,65,45,35,,FALSE
180,Flaaffy,ELECTRIC,,365,70,55,55,80,60,45,,FALSE
181,Ampharos,ELECTRIC,,510,90,75,85,115,90,55,,FALSE
181,Mega Ampharos,ELECTRIC,DRAGON,610,90,95,105,165,110,45,,FALSE
182,Bellossom,GRASS,,490,75,80,95,90,100,50,,FALSE
183,Marill,WATER,FAIRY,250,70,20,50,20,50,40,,FALSE
184,Azumarill,WATER,FAIRY,420,100,50,80,60,80,50,,FALSE
185,Sudowoodo,ROCK,,410,70,100,115,30,65,30,,FALSE
186,Politoed,WATER,,500,90,75,75,90,100,70,,FALSE
187,Hoppip,GRASS,FLYING,250,35,35,40,35,55,50,,FALSE
188,Skiploom,GRASS,FLYING,340,55,45,50,45,65,80,,FALSE
189,Jumpluff,GRASS,FLYING,460,75,55,70,55,95,110,,FALSE
190,Aipom,NORMAL,,360,55,70,55,40,55,85,,FALSE
191,Sunkern,GRASS,,180,30,30,30,30,30,30,,FALSE
192,Sunflora,GRASS,,425,75,75,55,105,85,30,,FALSE
193,Yanma,BUG,FLYING,390,65,65,45,75,45,95,,FALSE
194,Wooper,WATER,GROUND,210,55,45,45,25,25,15,,FALSE
195,Quagsire,WATER,GROUND,430,95,85,85,65,65,35,,FALSE
196,Espeon,PSYCHIC,,525,65,65,60,130,95,110,,FALSE
197,Umbreon,DARK,,525,95,65,110,60,130,65,,FALSE
198,Murkrow,DARK,FLYING,405,60,85,42,85,42,91,,FALSE
199,Slowking,WATER,PSYCHIC,490,95,75,80,100,110,30,,FALSE
199,Galarian Slowking,POISON,PSYCHIC,490,95,65,80,110,110,30,,FALSE
200,Misdreavus,GHOST,,435,60,60,60,85,85,85,,FALSE
201,Unown,PSYCHIC,,336,48,72,48,72,48,48,,FALSE
202,Wobbuffet,PSYCHIC,,405,190,33,58,33,58,33,,FALSE
203,Girafarig,NORMAL,PSYCHIC,455,70,80,65,90,65,85,,FALSE
204,Pineco,BUG,,290,50,65,90,35,35,15,,FALSE
205,Forretress,BUG,STEEL,465,75,90,140,60,60,40,,FALSE
206,Dunsparce,NORMAL,,415,100,70,70,65,65,45,,FALSE
207,Gligar,GROUND,FLYING,430,65,75,105,35,65,85,,FALSE
208,STEELix,STEEL,GROUND,510,75,85,200,55,65,30,,FALSE
208,Mega STEELix,STEEL,GROUND,610,75,125,230,55,95,30,,FALSE
209,Snubbull,FAIRY,,300,60,80,50,40,40,30,,FALSE
210,Granbull,FAIRY,,450,90,120,75,60,60,45,,FALSE
211,Qwilfish,WATER,POISON,430,65,95,75,55,55,85,,FALSE
212,Scizor,BUG,STEEL,500,70,130,100,55,80,65,,FALSE
212,Mega Scizor,BUG,STEEL,600,70,150,140,65,100,75,,FALSE
213,Shuckle,BUG,ROCK,505,20,10,230,10,230,5,,FALSE
214,Heracross,BUG,FIGHTING,500,80,125,75,40,95,85,,FALSE
214,Mega Heracross,BUG,FIGHTING,600,80,185,115,40,105,75,,FALSE
215,Sneasel,DARK,ICE,430,55,95,55,35,75,115,,FALSE
216,Teddiursa,NORMAL,,330,60,80,50,50,50,40,,FALSE
217,Ursaring,NORMAL,,500,90,130,75,75,75,55,,FALSE
218,Slugma,FIRE,,250,40,40,40,70,40,20,,FALSE
219,Magcargo,FIRE,ROCK,410,50,50,120,80,80,30,,FALSE
220,Swinub,ICE,GROUND,250,50,50,40,30,30,50,,FALSE
221,Piloswine,ICE,GROUND,450,100,100,80,60,60,50,,FALSE
222,Corsola,WATER,ROCK,380,55,55,85,65,85,35,,FALSE
222,Galarian Corsola,GHOST,,410,60,55,100,65,100,30,,FALSE
223,Remoraid,WATER,,300,35,65,35,65,35,65,,FALSE
224,Octillery,WATER,,480,75,105,75,105,75,45,,FALSE
225,Delibird,ICE,FLYING,330,45,55,45,65,45,75,,FALSE
226,Mantine,WATER,FLYING,465,65,40,70,80,140,70,,FALSE
227,Skarmory,STEEL,FLYING,465,65,80,140,40,70,70,,FALSE
228,Houndour,DARK,FIRE,330,45,60,30,80,50,65,,FALSE
229,Houndoom,DARK,FIRE,500,75,90,50,110,80,95,,FALSE
229,Mega Houndoom,DARK,FIRE,600,75,90,90,140,90,115,,FALSE
230,Kingdra,WATER,DRAGON,540,75,95,95,95,95,85,,FALSE
231,Phanpy,GROUND,,330,90,60,60,40,40,40,,FALSE
232,Donphan,GROUND,,500,90,120,120,60,60,50,,FALSE
233,Porygon2,NORMAL,,515,85,80,90,105,95,60,,FALSE
234,Stantler,NORMAL,,465,73,95,62,85,65,85,,FALSE
235,Smeargle,NORMAL,,250,55,20,35,20,45,75,,FALSE
236,Tyrogue,FIGHTING,,210,35,35,35,35,35,35,,FALSE
237,Hitmontop,FIGHTING,,455,50,95,95,35,110,70,,FALSE
238,Smoochum,ICE,PSYCHIC,305,45,30,15,85,65,65,,FALSE
239,Elekid,ELECTRIC,,360,45,63,37,65,55,95,,FALSE
240,Magby,FIRE,,365,45,75,37,70,55,83,,FALSE
241,Miltank,NORMAL,,490,95,80,105,40,70,100,,FALSE
242,Blissey,NORMAL,,540,255,10,10,75,135,55,,FALSE
243,Raikou,ELECTRIC,,580,90,85,75,115,100,115,,TRUE
244,Entei,FIRE,,580,115,115,85,90,75,100,,TRUE
245,Suicune,WATER,,580,100,75,115,90,115,85,,TRUE
246,Larvitar,ROCK,GROUND,300,50,64,50,45,50,41,,FALSE
247,Pupitar,ROCK,GROUND,410,70,84,70,65,70,51,,FALSE
248,Tyranitar,ROCK,DARK,600,100,134,110,95,100,61,,FALSE
248,Mega Tyranitar,ROCK,DARK,700,100,164,150,95,120,71,,FALSE
249,Lugia,PSYCHIC,FLYING,680,106,90,130,90,154,110,,TRUE
250,Ho-oh,FIRE,FLYING,680,106,130,90,110,154,90,,TRUE
251,Celebi,PSYCHIC,GRASS,600,100,100,100,100,100,100,,TRUE
252,Treecko,GRASS,,310,40,45,35,65,55,70,,FALSE
253,Grovyle,GRASS,,405,50,65,45,85,65,95,,FALSE
254,Sceptile,GRASS,,530,70,85,65,105,85,120,,FALSE
254,Mega Sceptile,GRASS,DRAGON,630,70,110,75,145,85,145,,FALSE
255,Torchic,FIRE,,310,45,60,40,70,50,45,,FALSE
256,Combusken,FIRE,FIGHTING,405,60,85,60,85,60,55,,FALSE
257,Blaziken,FIRE,FIGHTING,530,80,120,70,110,70,80,,FALSE
257,Mega Blaziken,FIRE,FIGHTING,630,80,160,80,130,80,100,,FALSE
258,Mudkip,WATER,,310,50,70,50,50,50,40,,FALSE
259,Marshtomp,WATER,GROUND,405,70,85,70,60,70,50,,FALSE
260,Swampert,WATER,GROUND,535,100,110,90,85,90,60,,FALSE
260,Mega Swampert,WATER,GROUND,635,100,150,110,95,110,70,,FALSE
261,Poochyena,DARK,,220,35,55,35,30,30,35,,FALSE
262,Mightyena,DARK,,420,70,90,70,60,60,70,,FALSE
263,Zigzagoon,NORMAL,,240,38,30,41,30,41,60,,FALSE
263,Galarian Zigzagoon,DARK,NORMAL,240,38,30,41,30,41,60,,FALSE
264,Linoone,NORMAL,,420,78,70,61,50,61,100,,FALSE
264,Galarian Linoone,DARK,NORMAL,420,78,70,61,50,61,100,,FALSE
265,Wurmple,BUG,,195,45,45,35,20,30,20,,FALSE
266,Silcoon,BUG,,205,50,35,55,25,25,15,,FALSE
267,Beautifly,BUG,FLYING,395,60,70,50,100,50,65,,FALSE
268,Cascoon,BUG,,205,50,35,55,25,25,15,,FALSE
269,Dustox,BUG,POISON,385,60,50,70,50,90,65,,FALSE
270,Lotad,WATER,GRASS,220,40,30,30,40,50,30,,FALSE
271,Lombre,WATER,GRASS,340,60,50,50,60,70,50,,FALSE
272,Ludicolo,WATER,GRASS,480,80,70,70,90,100,70,,FALSE
273,Seedot,GRASS,,220,40,40,50,30,30,30,,FALSE
274,Nuzleaf,GRASS,DARK,340,70,70,40,60,40,60,,FALSE
275,Shiftry,GRASS,DARK,480,90,100,60,90,60,80,,FALSE
276,Taillow,NORMAL,FLYING,270,40,55,30,30,30,85,,FALSE
277,Swellow,NORMAL,FLYING,430,60,85,60,50,50,125,,FALSE
278,Wingull,WATER,FLYING,270,40,30,30,55,30,85,,FALSE
279,Pelipper,WATER,FLYING,430,60,50,100,85,70,65,,FALSE
280,Ralts,PSYCHIC,FAIRY,198,28,25,25,45,35,40,,FALSE
281,Kirlia,PSYCHIC,FAIRY,278,38,35,35,65,55,50,,FALSE
282,Gardevoir,PSYCHIC,FAIRY,518,68,65,65,125,115,80,,FALSE
282,Mega Gardevoir,PSYCHIC,FAIRY,618,68,85,65,165,135,100,,FALSE
283,Surskit,BUG,WATER,269,40,30,32,50,52,65,,FALSE
284,Masquerain,BUG,FLYING,414,70,60,62,80,82,60,,FALSE
285,Shroomish,GRASS,,295,60,40,60,40,60,35,,FALSE
286,Breloom,GRASS,FIGHTING,460,60,130,80,60,60,70,,FALSE
287,Slakoth,NORMAL,,280,60,60,60,35,35,30,,FALSE
288,Vigoroth,NORMAL,,440,80,80,80,55,55,90,,FALSE
289,Slaking,NORMAL,,670,150,160,100,95,65,100,,FALSE
290,Nincada,BUG,GROUND,266,31,45,90,30,30,40,,FALSE
291,Ninjask,BUG,FLYING,456,61,90,45,50,50,160,,FALSE
292,Shedinja,BUG,GHOST,236,1,90,45,30,30,40,,FALSE
293,Whismur,NORMAL,,240,64,51,23,51,23,28,,FALSE
294,Loudred,NORMAL,,360,84,71,43,71,43,48,,FALSE
295,Exploud,NORMAL,,490,104,91,63,91,73,68,,FALSE
296,Makuhita,FIGHTING,,237,72,60,30,20,30,25,,FALSE
297,Hariyama,FIGHTING,,474,144,120,60,40,60,50,,FALSE
298,Azurill,NORMAL,FAIRY,190,50,20,40,20,40,20,,FALSE
299,Nosepass,ROCK,,375,30,45,135,45,90,30,,FALSE
300,Skitty,NORMAL,,260,50,45,45,35,35,50,,FALSE
301,Delcatty,NORMAL,,380,70,65,65,55,55,70,,FALSE
302,Sableye,DARK,GHOST,380,50,75,75,65,65,50,,FALSE
302,Mega Sableye,DARK,GHOST,480,50,85,125,85,115,20,,FALSE
303,Mawile,STEEL,FAIRY,380,50,85,85,55,55,50,,FALSE
303,Mega Mawile,STEEL,FAIRY,480,50,105,125,55,95,50,,FALSE
304,Aron,STEEL,ROCK,330,50,70,100,40,40,30,,FALSE
305,Lairon,STEEL,ROCK,430,60,90,140,50,50,40,,FALSE
306,Aggron,STEEL,ROCK,530,70,110,180,60,60,50,,FALSE
306,Mega Aggron,STEEL,,630,70,140,230,60,80,50,,FALSE
307,Meditite,FIGHTING,PSYCHIC,280,30,40,55,40,55,60,,FALSE
308,Medicham,FIGHTING,PSYCHIC,410,60,60,75,60,75,80,,FALSE
308,Mega Medicham,FIGHTING,PSYCHIC,510,60,100,85,80,85,100,,FALSE
309,Electrike,ELECTRIC,,295,40,45,40,65,40,65,,FALSE
310,Manectric,ELECTRIC,,475,70,75,60,105,60,105,,FALSE
310,Mega Manectric,ELECTRIC,,575,70,75,80,135,80,135,,FALSE
311,Plusle,ELECTRIC,,405,60,50,40,85,75,95,,FALSE
312,Minun,ELECTRIC,,405,60,40,50,75,85,95,,FALSE
313,Volbeat,BUG,,400,65,73,55,47,75,85,,FALSE
314,Illumise,BUG,,400,65,47,55,73,75,85,,FALSE
315,Roselia,GRASS,POISON,400,50,60,45,100,80,65,,FALSE
316,Gulpin,POISON,,302,70,43,53,43,53,40,,FALSE
317,Swalot,POISON,,467,100,73,83,73,83,55,,FALSE
318,Carvanha,WATER,DARK,305,45,90,20,65,20,65,,FALSE
319,Sharpedo,WATER,DARK,460,70,120,40,95,40,95,,FALSE
319,Mega Sharpedo,WATER,DARK,560,70,140,70,110,65,105,,FALSE
320,Wailmer,WATER,,400,130,70,35,70,35,60,,FALSE
321,Wailord,WATER,,500,170,90,45,90,45,60,,FALSE
322,Numel,FIRE,GROUND,305,60,60,40,65,45,35,,FALSE
323,Camerupt,FIRE,GROUND,460,70,100,70,105,75,40,,FALSE
323,Mega Camerupt,FIRE,GROUND,560,70,120,100,145,105,20,,FALSE
324,Torkoal,FIRE,,470,70,85,140,85,70,20,,FALSE
325,Spoink,PSYCHIC,,330,60,25,35,70,80,60,,FALSE
326,Grumpig,PSYCHIC,,470,80,45,65,90,110,80,,FALSE
327,Spinda,NORMAL,,360,60,60,60,60,60,60,,FALSE
328,Trapinch,GROUND,,290,45,100,45,45,45,10,,FALSE
329,Vibrava,GROUND,DRAGON,340,50,70,50,50,50,70,,FALSE
330,Flygon,GROUND,DRAGON,520,80,100,80,80,80,100,,FALSE
331,Cacnea,GRASS,,335,50,85,40,85,40,35,,FALSE
332,Cacturne,GRASS,DARK,475,70,115,60,115,60,55,,FALSE
333,Swablu,NORMAL,FLYING,310,45,40,60,40,75,50,,FALSE
334,Altaria,DRAGON,FLYING,490,75,70,90,70,105,80,,FALSE
334,Mega Altaria,DRAGON,FAIRY,590,75,110,110,110,105,80,,FALSE
335,Zangoose,NORMAL,,458,73,115,60,60,60,90,,FALSE
336,Seviper,POISON,,458,73,100,60,100,60,65,,FALSE
337,Lunatone,ROCK,PSYCHIC,440,70,55,65,95,85,70,,FALSE
338,SolROCK,ROCK,PSYCHIC,440,70,95,85,55,65,70,,FALSE
339,Barboach,WATER,GROUND,288,50,48,43,46,41,60,,FALSE
340,Whiscash,WATER,GROUND,468,110,78,73,76,71,60,,FALSE
341,Corphish,WATER,,308,43,80,65,50,35,35,,FALSE
342,Crawdaunt,WATER,DARK,468,63,120,85,90,55,55,,FALSE
343,Baltoy,GROUND,PSYCHIC,300,40,40,55,40,70,55,,FALSE
344,Claydol,GROUND,PSYCHIC,500,60,70,105,70,120,75,,FALSE
345,Lileep,ROCK,GRASS,355,66,41,77,61,87,23,,FALSE
346,Cradily,ROCK,GRASS,495,86,81,97,81,107,43,,FALSE
347,Anorith,ROCK,BUG,355,45,95,50,40,50,75,,FALSE
348,Armaldo,ROCK,BUG,495,75,125,100,70,80,45,,FALSE
349,Feebas,WATER,,200,20,15,20,10,55,80,,FALSE
350,Milotic,WATER,,540,95,60,79,100,125,81,,FALSE
351,Castform,NORMAL,,420,70,70,70,70,70,70,,FALSE
352,Kecleon,NORMAL,,440,60,90,70,60,120,40,,FALSE
353,Shuppet,GHOST,,295,44,75,35,63,33,45,,FALSE
354,Banette,GHOST,,455,64,115,65,83,63,65,,FALSE
354,Mega Banette,GHOST,,555,64,165,75,93,83,75,,FALSE
355,Duskull,GHOST,,295,20,40,90,30,90,25,,FALSE
356,Dusclops,GHOST,,455,40,70,130,60,130,25,,FALSE
357,Tropius,GRASS,FLYING,460,99,68,83,72,87,51,,FALSE
358,Chimecho,PSYCHIC,,425,65,50,70,95,80,65,,FALSE
359,Absol,DARK,,465,65,130,60,75,60,75,,FALSE
359,Mega Absol,DARK,,565,65,150,60,115,60,115,,FALSE
360,Wynaut,PSYCHIC,,260,95,23,48,23,48,23,,FALSE
361,Snorunt,ICE,,300,50,50,50,50,50,50,,FALSE
362,Glalie,ICE,,480,80,80,80,80,80,80,,FALSE
362,Mega Glalie,ICE,,580,80,120,80,120,80,100,,FALSE
363,Spheal,ICE,WATER,290,70,40,50,55,50,25,,FALSE
364,Sealeo,ICE,WATER,410,90,60,70,75,70,45,,FALSE
365,Walrein,ICE,WATER,530,110,80,90,95,90,65,,FALSE
366,Clamperl,WATER,,345,35,64,85,74,55,32,,FALSE
367,Huntail,WATER,,485,55,104,105,94,75,52,,FALSE
368,Gorebyss,WATER,,485,55,84,105,114,75,52,,FALSE
369,Relicanth,WATER,ROCK,485,100,90,130,45,65,55,,FALSE
370,Luvdisc,WATER,,330,43,30,55,40,65,97,,FALSE
371,Bagon,DRAGON,,300,45,75,60,40,30,50,,FALSE
372,Shelgon,DRAGON,,420,65,95,100,60,50,50,,FALSE
373,Salamence,DRAGON,FLYING,600,95,135,80,110,80,100,,FALSE
373,Mega Salamence,DRAGON,FLYING,700,95,145,130,120,90,120,,FALSE
374,Beldum,STEEL,PSYCHIC,300,40,55,80,35,60,30,,FALSE
375,Metang,STEEL,PSYCHIC,420,60,75,100,55,80,50,,FALSE
376,Metagross,STEEL,PSYCHIC,600,80,135,130,95,90,70,,FALSE
376,Mega Metagross,STEEL,PSYCHIC,700,80,145,150,105,110,110,,FALSE
377,RegiROCK,ROCK,,580,80,100,200,50,100,50,,TRUE
378,RegICE,ICE,,580,80,50,100,100,200,50,,TRUE
379,RegiSTEEL,STEEL,,580,80,75,150,75,150,50,,TRUE
380,Latias,DRAGON,PSYCHIC,600,80,80,90,110,130,110,,TRUE
380,Mega Latias,DRAGON,PSYCHIC,700,80,100,120,140,150,110,,TRUE
381,Latios,DRAGON,PSYCHIC,600,80,90,80,130,110,110,,TRUE
381,Mega Latios,DRAGON,PSYCHIC,700,80,130,100,160,120,110,,TRUE
382,Kyogre,WATER,,670,100,100,90,150,140,90,,TRUE
382,Primal Kyogre,WATER,,770,100,150,90,180,160,90,,TRUE
383,Groudon,GROUND,,670,100,150,140,100,90,90,,TRUE
383,Primal Groudon,GROUND,FIRE,770,100,180,160,150,90,90,,TRUE
384,Rayquaza,DRAGON,FLYING,680,105,150,90,150,90,95,,TRUE
384,Mega Rayquaza,DRAGON,FLYING,780,105,180,100,180,100,115,,TRUE
385,Jirachi,STEEL,PSYCHIC,600,100,100,100,100,100,100,,TRUE
386,Deoxys NORMAL Forme,PSYCHIC,,600,50,150,50,150,50,150,,TRUE
386,Deoxys Attack Forme,PSYCHIC,,600,50,180,20,180,20,150,,TRUE
386,Deoxys Defense Forme,PSYCHIC,,600,50,70,160,70,160,90,,TRUE
386,Deoxys Speed Forme,PSYCHIC,,600,50,95,90,95,90,180,,TRUE
387,Turtwig,GRASS,,318,55,68,64,45,55,31,,FALSE
388,Grotle,GRASS,,405,75,89,85,55,65,36,,FALSE
389,Torterra,GRASS,GROUND,525,95,109,105,75,85,56,,FALSE
390,Chimchar,FIRE,,309,44,58,44,58,44,61,,FALSE
391,Monferno,FIRE,FIGHTING,405,64,78,52,78,52,81,,FALSE
392,Infernape,FIRE,FIGHTING,534,76,104,71,104,71,108,,FALSE
393,Piplup,WATER,,314,53,51,53,61,56,40,,FALSE
394,Prinplup,WATER,,405,64,66,68,81,76,50,,FALSE
395,Empoleon,WATER,STEEL,530,84,86,88,111,101,60,,FALSE
396,Starly,NORMAL,FLYING,245,40,55,30,30,30,60,,FALSE
397,Staravia,NORMAL,FLYING,340,55,75,50,40,40,80,,FALSE
398,Staraptor,NORMAL,FLYING,485,85,120,70,50,60,100,,FALSE
399,Bidoof,NORMAL,,250,59,45,40,35,40,31,,FALSE
400,Bibarel,NORMAL,WATER,410,79,85,60,55,60,71,,FALSE
401,Kricketot,BUG,,194,37,25,41,25,41,25,,FALSE
402,Kricketune,BUG,,384,77,85,51,55,51,65,,FALSE
403,Shinx,ELECTRIC,,263,45,65,34,40,34,45,,FALSE
404,Luxio,ELECTRIC,,363,60,85,49,60,49,60,,FALSE
405,Luxray,ELECTRIC,,523,80,120,79,95,79,70,,FALSE
406,Budew,GRASS,POISON,280,40,30,35,50,70,55,,FALSE
407,Roserade,GRASS,POISON,515,60,70,65,125,105,90,,FALSE
408,Cranidos,ROCK,,350,67,125,40,30,30,58,,FALSE
409,Rampardos,ROCK,,495,97,165,60,65,50,58,,FALSE
410,Shieldon,ROCK,STEEL,350,30,42,118,42,88,30,,FALSE
411,Bastiodon,ROCK,STEEL,495,60,52,168,47,138,30,,FALSE
412,Burmy,BUG,,224,40,29,45,29,45,36,,FALSE
413,Wormadam Plant Cloak,BUG,GRASS,424,60,59,85,79,105,36,,FALSE
413,Wormadam Sandy Cloak,BUG,GROUND,424,60,79,105,59,85,36,,FALSE
413,Wormadam Trash Cloak,BUG,STEEL,424,60,69,95,69,95,36,,FALSE
414,Mothim,BUG,FLYING,424,70,94,50,94,50,66,,FALSE
415,Combee,BUG,FLYING,244,30,30,42,30,42,70,,FALSE
416,Vespiquen,BUG,FLYING,474,70,80,102,80,102,40,,FALSE
417,Pachirisu,ELECTRIC,,405,60,45,70,45,90,95,,FALSE
418,Buizel,WATER,,330,55,65,35,60,30,85,,FALSE
419,Floatzel,WATER,,495,85,105,55,85,50,115,,FALSE
420,Cherubi,GRASS,,275,45,35,45,62,53,35,,FALSE
421,Cherrim,GRASS,,450,70,60,70,87,78,85,,FALSE
422,Shellos,WATER,,325,76,48,48,57,62,34,,FALSE
423,Gastrodon,WATER,GROUND,475,111,83,68,92,82,39,,FALSE
424,Ambipom,NORMAL,,482,75,100,66,60,66,115,,FALSE
425,Drifloon,GHOST,FLYING,348,90,50,34,60,44,70,,FALSE
426,Drifblim,GHOST,FLYING,498,150,80,44,90,54,80,,FALSE
427,Buneary,NORMAL,,350,55,66,44,44,56,85,,FALSE
428,Lopunny,NORMAL,,480,65,76,84,54,96,105,,FALSE
428,Mega Lopunny,NORMAL,FIGHTING,580,65,136,94,54,96,135,,FALSE
429,Mismagius,GHOST,,495,60,60,60,105,105,105,,FALSE
430,Honchkrow,DARK,FLYING,505,100,125,52,105,52,71,,FALSE
431,Glameow,NORMAL,,310,49,55,42,42,37,85,,FALSE
432,Purugly,NORMAL,,452,71,82,64,64,59,112,,FALSE
433,Chingling,PSYCHIC,,285,45,30,50,65,50,45,,FALSE
434,Stunky,POISON,DARK,329,63,63,47,41,41,74,,FALSE
435,Skuntank,POISON,DARK,479,103,93,67,71,61,84,,FALSE
436,Bronzor,STEEL,PSYCHIC,300,57,24,86,24,86,23,,FALSE
437,Bronzong,STEEL,PSYCHIC,500,67,89,116,79,116,33,,FALSE
438,Bonsly,ROCK,,290,50,80,95,10,45,10,,FALSE
439,Mime Jr.,PSYCHIC,FAIRY,310,20,25,45,70,90,60,,FALSE
440,Happiny,NORMAL,,220,100,5,5,15,65,30,,FALSE
441,Chatot,NORMAL,FLYING,411,76,65,45,92,42,91,,FALSE
442,Spiritomb,GHOST,DARK,485,50,92,108,92,108,35,,FALSE
443,Gible,DRAGON,GROUND,300,58,70,45,40,45,42,,FALSE
444,Gabite,DRAGON,GROUND,410,68,90,65,50,55,82,,FALSE
445,Garchomp,DRAGON,GROUND,600,108,130,95,80,85,102,,FALSE
445,Mega Garchomp,DRAGON,GROUND,700,108,170,115,120,95,92,,FALSE
446,Munchlax,NORMAL,,390,135,85,40,40,85,5,,FALSE
447,Riolu,FIGHTING,,285,40,70,40,35,40,60,,FALSE
448,Lucario,FIGHTING,STEEL,525,70,110,70,115,70,90,,FALSE
448,Mega Lucario,FIGHTING,STEEL,625,70,145,88,140,70,112,,FALSE
449,Hippopotas,GROUND,,330,68,72,78,38,42,32,,FALSE
450,Hippowdon,GROUND,,525,108,112,118,68,72,47,,FALSE
451,Skorupi,POISON,BUG,330,40,50,90,30,55,65,,FALSE
452,Drapion,POISON,DARK,500,70,90,110,60,75,95,,FALSE
453,Croagunk,POISON,FIGHTING,300,48,61,40,61,40,50,,FALSE
454,Toxicroak,POISON,FIGHTING,490,83,106,65,86,65,85,,FALSE
455,Carnivine,GRASS,,454,74,100,72,90,72,46,,FALSE
456,Finneon,WATER,,330,49,49,56,49,61,66,,FALSE
457,Lumineon,WATER,,460,69,69,76,69,86,91,,FALSE
458,Mantyke,WATER,FLYING,345,45,20,50,60,120,50,,FALSE
459,Snover,GRASS,ICE,334,60,62,50,62,60,40,,FALSE
460,Abomasnow,GRASS,ICE,494,90,92,75,92,85,60,,FALSE
460,Mega Abomasnow,GRASS,ICE,594,90,132,105,132,105,30,,FALSE
461,Weavile,DARK,ICE,510,70,120,65,45,85,125,,FALSE
462,Magnezone,ELECTRIC,STEEL,535,70,70,115,130,90,60,,FALSE
463,Lickilicky,NORMAL,,515,110,85,95,80,95,50,,FALSE
464,Rhyperior,GROUND,ROCK,535,115,140,130,55,55,40,,FALSE
465,Tangrowth,GRASS,,535,100,100,125,110,50,50,,FALSE
466,Electivire,ELECTRIC,,540,75,123,67,95,85,95,,FALSE
467,Magmortar,FIRE,,540,75,95,67,125,95,83,,FALSE
468,Togekiss,FAIRY,FLYING,545,85,50,95,120,115,80,,FALSE
469,Yanmega,BUG,FLYING,515,86,76,86,116,56,95,,FALSE
470,Leafeon,GRASS,,525,65,110,130,60,65,95,,FALSE
471,Glaceon,ICE,,525,65,60,110,130,95,65,,FALSE
472,Gliscor,GROUND,FLYING,510,75,95,125,45,75,95,,FALSE
473,Mamoswine,ICE,GROUND,530,110,130,80,70,60,80,,FALSE
474,Porygon-Z,NORMAL,,535,85,80,70,135,75,90,,FALSE
475,Gallade,PSYCHIC,FIGHTING,518,68,125,65,65,115,80,,FALSE
475,Mega Gallade,PSYCHIC,FIGHTING,618,68,165,95,65,115,110,,FALSE
476,Probopass,ROCK,STEEL,525,60,55,145,75,150,40,,FALSE
477,Dusknoir,GHOST,,525,45,100,135,65,135,45,,FALSE
478,Froslass,ICE,GHOST,480,70,80,70,80,70,110,,FALSE
479,Rotom,ELECTRIC,GHOST,440,50,50,77,95,77,91,,FALSE
479,Heat Rotom,ELECTRIC,FIRE,520,50,65,107,105,107,86,,FALSE
479,Wash Rotom,ELECTRIC,WATER,520,50,65,107,105,107,86,,FALSE
479,Frost Rotom,ELECTRIC,ICE,520,50,65,107,105,107,86,,FALSE
479,Fan Rotom,ELECTRIC,FLYING,520,50,65,107,105,107,86,,FALSE
479,Mow Rotom,ELECTRIC,GRASS,520,50,65,107,105,107,86,,FALSE
480,Uxie,PSYCHIC,,580,75,75,130,75,130,95,,TRUE
481,Mesprit,PSYCHIC,,580,80,105,105,105,105,80,,TRUE
482,Azelf,PSYCHIC,,580,75,125,70,125,70,115,,TRUE
483,Dialga,STEEL,DRAGON,680,100,120,120,150,100,90,,TRUE
484,Palkia,WATER,DRAGON,680,90,120,100,150,120,100,,TRUE
485,Heatran,FIRE,STEEL,600,91,90,106,130,106,77,,TRUE
486,Regigigas,NORMAL,,670,110,160,110,80,110,100,,TRUE
487,Giratina Altered Forme,GHOST,DRAGON,680,150,100,120,100,120,90,,TRUE
487,Giratina Origin Forme,GHOST,DRAGON,680,150,120,100,120,100,90,,TRUE
488,Cresselia,PSYCHIC,,600,120,70,120,75,130,85,,TRUE
489,Phione,WATER,,480,80,80,80,80,80,80,,TRUE
490,Manaphy,WATER,,600,100,100,100,100,100,100,,TRUE
491,DARKrai,DARK,,600,70,90,90,135,90,125,,TRUE
492,Shaymin Land Forme,GRASS,,600,100,100,100,100,100,100,,TRUE
492,Shaymin Sky Forme,GRASS,FLYING,600,100,103,75,120,75,127,,TRUE
493,Arceus,NORMAL,,720,120,120,120,120,120,120,,TRUE
494,Victini,PSYCHIC,FIRE,600,100,100,100,100,100,100,,TRUE
495,Snivy,GRASS,,308,45,45,55,45,55,63,,FALSE
496,Servine,GRASS,,413,60,60,75,60,75,83,,FALSE
497,Serperior,GRASS,,528,75,75,95,75,95,113,,FALSE
498,Tepig,FIRE,,308,65,63,45,45,45,45,,FALSE
499,Pignite,FIRE,FIGHTING,418,90,93,55,70,55,55,,FALSE
500,Emboar,FIRE,FIGHTING,528,110,123,65,100,65,65,,FALSE
501,Oshawott,WATER,,308,55,55,45,63,45,45,,FALSE
502,Dewott,WATER,,413,75,75,60,83,60,60,,FALSE
503,Samurott,WATER,,528,95,100,85,108,70,70,,FALSE
504,Patrat,NORMAL,,255,45,55,39,35,39,42,,FALSE
505,Watchog,NORMAL,,420,60,85,69,60,69,77,,FALSE
506,Lillipup,NORMAL,,275,45,60,45,25,45,55,,FALSE
507,Herdier,NORMAL,,370,65,80,65,35,65,60,,FALSE
508,Stoutland,NORMAL,,500,85,110,90,45,90,80,,FALSE
509,Purrloin,DARK,,281,41,50,37,50,37,66,,FALSE
510,Liepard,DARK,,446,64,88,50,88,50,106,,FALSE
511,Pansage,GRASS,,316,50,53,48,53,48,64,,FALSE
512,Simisage,GRASS,,498,75,98,63,98,63,101,,FALSE
513,Pansear,FIRE,,316,50,53,48,53,48,64,,FALSE
514,Simisear,FIRE,,498,75,98,63,98,63,101,,FALSE
515,Panpour,WATER,,316,50,53,48,53,48,64,,FALSE
516,Simipour,WATER,,498,75,98,63,98,63,101,,FALSE
517,Munna,PSYCHIC,,292,76,25,45,67,55,24,,FALSE
518,Musharna,PSYCHIC,,487,116,55,85,107,95,29,,FALSE
519,Pidove,NORMAL,FLYING,264,50,55,50,36,30,43,,FALSE
520,Tranquill,NORMAL,FLYING,358,62,77,62,50,42,65,,FALSE
521,Unfezant,NORMAL,FLYING,488,80,115,80,65,55,93,,FALSE
522,Blitzle,ELECTRIC,,295,45,60,32,50,32,76,,FALSE
523,Zebstrika,ELECTRIC,,497,75,100,63,80,63,116,,FALSE
524,Roggenrola,ROCK,,280,55,75,85,25,25,15,,FALSE
525,Boldore,ROCK,,390,70,105,105,50,40,20,,FALSE
526,Gigalith,ROCK,,515,85,135,130,60,80,25,,FALSE
527,Woobat,PSYCHIC,FLYING,313,55,45,43,55,43,72,,FALSE
528,Swoobat,PSYCHIC,FLYING,425,67,57,55,77,55,114,,FALSE
529,Drilbur,GROUND,,328,60,85,40,30,45,68,,FALSE
530,Excadrill,GROUND,STEEL,508,110,135,60,50,65,88,,FALSE
531,Audino,NORMAL,,445,103,60,86,60,86,50,,FALSE
531,Mega Audino,NORMAL,FAIRY,545,103,60,126,80,126,50,,FALSE
532,Timburr,FIGHTING,,305,75,80,55,25,35,35,,FALSE
533,Gurdurr,FIGHTING,,405,85,105,85,40,50,40,,FALSE
534,Conkeldurr,FIGHTING,,505,105,140,95,55,65,45,,FALSE
535,Tympole,WATER,,294,50,50,40,50,40,64,,FALSE
536,Palpitoad,WATER,GROUND,384,75,65,55,65,55,69,,FALSE
537,Seismitoad,WATER,GROUND,509,105,95,75,85,75,74,,FALSE
538,Throh,FIGHTING,,465,120,100,85,30,85,45,,FALSE
539,Sawk,FIGHTING,,465,75,125,75,30,75,85,,FALSE
540,Sewaddle,BUG,GRASS,310,45,53,70,40,60,42,,FALSE
541,Swadloon,BUG,GRASS,380,55,63,90,50,80,42,,FALSE
542,Leavanny,BUG,GRASS,500,75,103,80,70,80,92,,FALSE
543,Venipede,BUG,POISON,260,30,45,59,30,39,57,,FALSE
544,Whirlipede,BUG,POISON,360,40,55,99,40,79,47,,FALSE
545,Scolipede,BUG,POISON,485,60,100,89,55,69,112,,FALSE
546,Cottonee,GRASS,FAIRY,280,40,27,60,37,50,66,,FALSE
547,Whimsicott,GRASS,FAIRY,480,60,67,85,77,75,116,,FALSE
548,Petilil,GRASS,,280,45,35,50,70,50,30,,FALSE
549,Lilligant,GRASS,,480,70,60,75,110,75,90,,FALSE
550,Basculin,WATER,,460,70,92,65,80,55,98,,FALSE
551,Sandile,GROUND,DARK,292,50,72,35,35,35,65,,FALSE
552,Krokorok,GROUND,DARK,351,60,82,45,45,45,74,,FALSE
553,Krookodile,GROUND,DARK,519,95,117,80,65,70,92,,FALSE
554,Darumaka,FIRE,,315,70,90,45,15,45,50,,FALSE
554,Galarian Darumaka,ICE,,315,70,90,45,15,45,50,,FALSE
555,Darmanitan Standard Mode,FIRE,,480,105,140,55,30,55,95,,FALSE
555,Galarian Darmanitan Standard Mode,ICE,,480,105,140,55,30,55,95,,FALSE
555,Darmanitan Zen Mode,FIRE,PSYCHIC,540,105,30,105,140,105,55,,FALSE
555,Galarian Darmanitan Zen Mode,ICE,FIRE,540,105,160,55,30,55,135,,FALSE
556,Maractus,GRASS,,461,75,86,67,106,67,60,,FALSE
557,Dwebble,BUG,ROCK,325,50,65,85,35,35,55,,FALSE
558,Crustle,BUG,ROCK,475,70,95,125,65,75,45,,FALSE
559,Scraggy,DARK,FIGHTING,348,50,75,70,35,70,48,,FALSE
560,Scrafty,DARK,FIGHTING,488,65,90,115,45,115,58,,FALSE
561,Sigilyph,PSYCHIC,FLYING,490,72,58,80,103,80,97,,FALSE
562,Yamask,GHOST,,303,38,30,85,55,65,30,,FALSE
562,Galarian Yamask,GROUND,GHOST,303,38,55,85,30,65,30,,FALSE
563,Cofagrigus,GHOST,,483,58,50,145,95,105,30,,FALSE
564,Tirtouga,WATER,ROCK,355,54,78,103,53,45,22,,FALSE
565,Carracosta,WATER,ROCK,495,74,108,133,83,65,32,,FALSE
566,Archen,ROCK,FLYING,401,55,112,45,74,45,70,,FALSE
567,Archeops,ROCK,FLYING,567,75,140,65,112,65,110,,FALSE
568,Trubbish,POISON,,329,50,50,62,40,62,65,,FALSE
569,Garbodor,POISON,,474,80,95,82,60,82,75,,FALSE
569,Gigantamax Garbodor,POISON,,474,80,95,82,60,82,75,,FALSE
570,Zorua,DARK,,330,40,65,40,80,40,65,,FALSE
571,Zoroark,DARK,,510,60,105,60,120,60,105,,FALSE
572,Minccino,NORMAL,,300,55,50,40,40,40,75,,FALSE
573,Cinccino,NORMAL,,470,75,95,60,65,60,115,,FALSE
574,Gothita,PSYCHIC,,290,45,30,50,55,65,45,,FALSE
575,Gothorita,PSYCHIC,,390,60,45,70,75,85,55,,FALSE
576,Gothitelle,PSYCHIC,,490,70,55,95,95,110,65,,FALSE
577,Solosis,PSYCHIC,,290,45,30,40,105,50,20,,FALSE
578,Duosion,PSYCHIC,,370,65,40,50,125,60,30,,FALSE
579,Reuniclus,PSYCHIC,,490,110,65,75,125,85,30,,FALSE
580,Ducklett,WATER,FLYING,305,62,44,50,44,50,55,,FALSE
581,Swanna,WATER,FLYING,473,75,87,63,87,63,98,,FALSE
582,Vanillite,ICE,,305,36,50,50,65,60,44,,FALSE
583,Vanillish,ICE,,395,51,65,65,80,75,59,,FALSE
584,Vanilluxe,ICE,,535,71,95,85,110,95,79,,FALSE
585,Deerling,NORMAL,GRASS,335,60,60,50,40,50,75,,FALSE
586,Sawsbuck,NORMAL,GRASS,475,80,100,70,60,70,95,,FALSE
587,Emolga,ELECTRIC,FLYING,428,55,75,60,75,60,103,,FALSE
588,Karrablast,BUG,,315,50,75,45,40,45,60,,FALSE
589,Escavalier,BUG,STEEL,495,70,135,105,60,105,20,,FALSE
590,Foongus,GRASS,POISON,294,69,55,45,55,55,15,,FALSE
591,Amoonguss,GRASS,POISON,464,114,85,70,85,80,30,,FALSE
592,Frillish,WATER,GHOST,335,55,40,50,65,85,40,,FALSE
593,JellICEnt,WATER,GHOST,480,100,60,70,85,105,60,,FALSE
594,Alomomola,WATER,,470,165,75,80,40,45,65,,FALSE
595,Joltik,BUG,ELECTRIC,319,50,47,50,57,50,65,,FALSE
596,Galvantula,BUG,ELECTRIC,472,70,77,60,97,60,108,,FALSE
597,Ferroseed,GRASS,STEEL,305,44,50,91,24,86,10,,FALSE
598,Ferrothorn,GRASS,STEEL,489,74,94,131,54,116,20,,FALSE
599,Klink,STEEL,,300,40,55,70,45,60,30,,FALSE
600,Klang,STEEL,,440,60,80,95,70,85,50,,FALSE
601,Klinklang,STEEL,,520,60,100,115,70,85,90,,FALSE
602,Tynamo,ELECTRIC,,275,35,55,40,45,40,60,,FALSE
603,Eelektrik,ELECTRIC,,405,65,85,70,75,70,40,,FALSE
604,Eelektross,ELECTRIC,,515,85,115,80,105,80,50,,FALSE
605,Elgyem,PSYCHIC,,335,55,55,55,85,55,30,,FALSE
606,Beheeyem,PSYCHIC,,485,75,75,75,125,95,40,,FALSE
607,Litwick,GHOST,FIRE,275,50,30,55,65,55,20,,FALSE
608,Lampent,GHOST,FIRE,370,60,40,60,95,60,55,,FALSE
609,Chandelure,GHOST,FIRE,520,60,55,90,145,90,80,,FALSE
610,Axew,DRAGON,,320,46,87,60,30,40,57,,FALSE
611,Fraxure,DRAGON,,410,66,117,70,40,50,67,,FALSE
612,Haxorus,DRAGON,,540,76,147,90,60,70,97,,FALSE
613,Cubchoo,ICE,,305,55,70,40,60,40,40,,FALSE
614,Beartic,ICE,,485,95,110,80,70,80,50,,FALSE
615,Cryogonal,ICE,,485,70,50,30,95,135,105,,FALSE
616,Shelmet,BUG,,305,50,40,85,40,65,25,,FALSE
617,Accelgor,BUG,,495,80,70,40,100,60,145,,FALSE
618,Stunfisk,GROUND,ELECTRIC,471,109,66,84,81,99,32,,FALSE
618,Galarian Stunfisk,GROUND,STEEL,471,109,81,99,66,84,32,,FALSE
619,Mienfoo,FIGHTING,,350,45,85,50,55,50,65,,FALSE
620,Mienshao,FIGHTING,,510,65,125,60,95,60,105,,FALSE
621,Druddigon,DRAGON,,485,77,120,90,60,90,48,,FALSE
622,Golett,GROUND,GHOST,303,59,74,50,35,50,35,,FALSE
623,Golurk,GROUND,GHOST,483,89,124,80,55,80,55,,FALSE
624,Pawniard,DARK,STEEL,340,45,85,70,40,40,60,,FALSE
625,Bisharp,DARK,STEEL,490,65,125,100,60,70,70,,FALSE
626,Bouffalant,NORMAL,,490,95,110,95,40,95,55,,FALSE
627,Rufflet,NORMAL,FLYING,350,70,83,50,37,50,60,,FALSE
628,Braviary,NORMAL,FLYING,510,100,123,75,57,75,80,,FALSE
629,Vullaby,DARK,FLYING,370,70,55,75,45,65,60,,FALSE
630,Mandibuzz,DARK,FLYING,510,110,65,105,55,95,80,,FALSE
631,Heatmor,FIRE,,484,85,97,66,105,66,65,,FALSE
632,Durant,BUG,STEEL,484,58,109,112,48,48,109,,FALSE
633,Deino,DARK,DRAGON,300,52,65,50,45,50,38,,FALSE
634,Zweilous,DARK,DRAGON,420,72,85,70,65,70,58,,FALSE
635,Hydreigon,DARK,DRAGON,600,92,105,90,125,90,98,,FALSE
636,Larvesta,BUG,FIRE,360,55,85,55,50,55,60,,FALSE
637,Volcarona,BUG,FIRE,550,85,60,65,135,105,100,,FALSE
638,Cobalion,STEEL,FIGHTING,580,91,90,129,90,72,108,,TRUE
639,Terrakion,ROCK,FIGHTING,580,91,129,90,72,90,108,,TRUE
640,Virizion,GRASS,FIGHTING,580,91,90,72,90,129,108,,TRUE
641,Tornadus Incarnate Forme,FLYING,,580,79,115,70,125,80,111,,TRUE
641,Tornadus Therian Forme,FLYING,,580,79,100,80,110,90,121,,TRUE
642,Thundurus Incarnate Forme,ELECTRIC,FLYING,580,79,115,70,125,80,111,,TRUE
642,Thundurus Therian Forme,ELECTRIC,FLYING,580,79,105,70,145,80,101,,TRUE
643,Reshiram,DRAGON,FIRE,680,100,120,100,150,120,90,,TRUE
644,Zekrom,DRAGON,ELECTRIC,680,100,150,120,120,100,90,,TRUE
645,Landorus Incarnate Forme,GROUND,FLYING,600,89,125,90,115,80,101,,TRUE
645,Landorus Therian Forme,GROUND,FLYING,600,89,145,90,105,80,91,,TRUE
646,Kyurem,DRAGON,ICE,660,125,130,90,130,90,95,,TRUE
646,Black Kyurem,DRAGON,ICE,700,125,170,100,120,90,95,,TRUE
646,White Kyurem,DRAGON,ICE,700,125,120,90,170,100,95,,TRUE
647,Keldeo Ordinary Forme,WATER,FIGHTING,580,91,72,90,129,90,108,,TRUE
647,Keldeo Resolute Forme,WATER,FIGHTING,580,91,72,90,129,90,108,,TRUE
648,Meloetta Aria Forme,NORMAL,PSYCHIC,600,100,77,77,128,128,90,,TRUE
648,Meloetta Pirouette Forme,NORMAL,FIGHTING,600,100,128,90,77,77,128,,TRUE
649,Genesect,BUG,STEEL,600,71,120,95,120,95,99,,TRUE
650,Chespin,GRASS,,313,56,61,65,48,45,38,,FALSE
651,Quilladin,GRASS,,405,61,78,95,56,58,57,,FALSE
652,Chesnaught,GRASS,FIGHTING,530,88,107,122,74,75,64,,FALSE
653,Fennekin,FIRE,,307,40,45,40,62,60,60,,FALSE
654,Braixen,FIRE,,409,59,59,58,90,70,73,,FALSE
655,Delphox,FIRE,PSYCHIC,534,75,69,72,114,100,104,,FALSE
656,Froakie,WATER,,314,41,56,40,62,44,71,,FALSE
657,Frogadier,WATER,,405,54,63,52,83,56,97,,FALSE
658,Greninja,WATER,DARK,530,72,95,67,103,71,122,,FALSE
658,Ash-Greninja,WATER,DARK,640,72,145,67,153,71,132,,FALSE
659,Bunnelby,NORMAL,,237,38,36,38,32,36,57,,FALSE
660,Diggersby,NORMAL,GROUND,423,85,56,77,50,77,78,,FALSE
661,Fletchling,NORMAL,FLYING,278,45,50,43,40,38,62,,FALSE
662,Fletchinder,FIRE,FLYING,382,62,73,55,56,52,84,,FALSE
663,Talonflame,FIRE,FLYING,499,78,81,71,74,69,126,,FALSE
664,ScatterBUG,BUG,,200,38,35,40,27,25,35,,FALSE
665,Spewpa,BUG,,213,45,22,60,27,30,29,,FALSE
666,Vivillon,BUG,FLYING,411,80,52,50,90,50,89,,FALSE
667,Litleo,FIRE,NORMAL,369,62,50,58,73,54,72,,FALSE
668,Pyroar,FIRE,NORMAL,507,86,68,72,109,66,106,,FALSE
669,Flabebe,FAIRY,,303,44,38,39,61,79,42,,FALSE
670,Floette,FAIRY,,371,54,45,47,75,98,52,,FALSE
671,Florges,FAIRY,,552,78,65,68,112,154,75,,FALSE
672,Skiddo,GRASS,,350,66,65,48,62,57,52,,FALSE
673,Gogoat,GRASS,,531,123,100,62,97,81,68,,FALSE
674,Pancham,FIGHTING,,348,67,82,62,46,48,43,,FALSE
675,Pangoro,FIGHTING,DARK,495,95,124,78,69,71,58,,FALSE
676,Furfrou,NORMAL,,472,75,80,60,65,90,102,,FALSE
677,Espurr,PSYCHIC,,355,62,48,54,63,60,68,,FALSE
678,Meowstic♂,PSYCHIC,,466,74,48,76,83,81,104,,FALSE
678,Meowstic♀,PSYCHIC,,466,74,48,76,83,81,104,,FALSE
679,Honedge,STEEL,GHOST,325,45,80,100,35,37,28,,FALSE
680,Doublade,STEEL,GHOST,448,59,110,150,45,49,35,,FALSE
681,Aegislash Blade Forme,STEEL,GHOST,520,60,150,50,150,50,60,,FALSE
681,Aegislash Shield Forme,STEEL,GHOST,520,60,50,150,50,150,60,,FALSE
682,Spritzee,FAIRY,,341,78,52,60,63,65,23,,FALSE
683,Aromatisse,FAIRY,,462,101,72,72,99,89,29,,FALSE
684,Swirlix,FAIRY,,341,62,48,66,59,57,49,,FALSE
685,Slurpuff,FAIRY,,480,82,80,86,85,75,72,,FALSE
686,Inkay,DARK,PSYCHIC,288,53,54,53,37,46,45,,FALSE
687,Malamar,DARK,PSYCHIC,482,86,92,88,68,75,73,,FALSE
688,Binacle,ROCK,WATER,306,42,52,67,39,56,50,,FALSE
689,Barbaracle,ROCK,WATER,500,72,105,115,54,86,68,,FALSE
690,Skrelp,POISON,WATER,320,50,60,60,60,60,30,,FALSE
691,Dragalge,POISON,DRAGON,494,65,75,90,97,123,44,,FALSE
692,Clauncher,WATER,,330,50,53,62,58,63,44,,FALSE
693,Clawitzer,WATER,,500,71,73,88,120,89,59,,FALSE
694,Helioptile,ELECTRIC,NORMAL,289,44,38,33,61,43,70,,FALSE
695,Heliolisk,ELECTRIC,NORMAL,481,62,55,52,109,94,109,,FALSE
696,Tyrunt,ROCK,DRAGON,362,58,89,77,45,45,48,,FALSE
697,Tyrantrum,ROCK,DRAGON,521,82,121,119,69,59,71,,FALSE
698,Amaura,ROCK,ICE,362,77,59,50,67,63,46,,FALSE
699,Aurorus,ROCK,ICE,521,123,77,72,99,92,58,,FALSE
700,Sylveon,FAIRY,,525,95,65,65,110,130,60,,FALSE
701,Hawlucha,FIGHTING,FLYING,500,78,92,75,74,63,118,,FALSE
702,Dedenne,ELECTRIC,FAIRY,431,67,58,57,81,67,101,,FALSE
703,Carbink,ROCK,FAIRY,500,50,50,150,50,150,50,,FALSE
704,Goomy,DRAGON,,300,45,50,35,55,75,40,,FALSE
705,Sliggoo,DRAGON,,452,68,75,53,83,113,60,,FALSE
706,Goodra,DRAGON,,600,90,100,70,110,150,80,,FALSE
707,Klefki,STEEL,FAIRY,470,57,80,91,80,87,75,,FALSE
708,Phantump,GHOST,GRASS,309,43,70,48,50,60,38,,FALSE
709,Trevenant,GHOST,GRASS,474,85,110,76,65,82,56,,FALSE
710,Pumpkaboo Average Size,GHOST,GRASS,335,49,66,70,44,55,51,,FALSE
710,Pumpkaboo Small Size,GHOST,GRASS,335,44,66,70,44,55,56,,FALSE
710,Pumpkaboo Large Size,GHOST,GRASS,335,54,66,70,44,55,46,,FALSE
710,Pumpkaboo Super Size,GHOST,GRASS,335,59,66,70,44,55,41,,FALSE
711,Gourgeist Average Size,GHOST,GRASS,494,65,90,122,58,75,84,,FALSE
711,Gourgeist Small Size,GHOST,GRASS,494,55,85,122,58,75,99,,FALSE
711,Gourgeist Large Size,GHOST,GRASS,494,75,95,122,58,75,69,,FALSE
711,Gourgeist Super Size,GHOST,GRASS,494,85,100,122,58,75,54,,FALSE
712,Bergmite,ICE,,304,55,69,85,32,35,28,,FALSE
713,Avalugg,ICE,,514,95,117,184,44,46,28,,FALSE
714,Noibat,FLYING,DRAGON,245,40,30,35,45,40,55,,FALSE
715,Noivern,FLYING,DRAGON,535,85,70,80,97,80,123,,FALSE
716,Xerneas,FAIRY,,680,126,131,95,131,98,99,,TRUE
717,Yveltal,DARK,FLYING,680,126,131,95,131,98,99,,TRUE
718,Zygarde 10% Forme,DRAGON,GROUND,486,54,100,71,61,85,115,,TRUE
718,Zygarde 50% Forme,DRAGON,GROUND,600,108,100,121,81,95,95,,TRUE
718,Zygarde Complete Forme,DRAGON,GROUND,708,216,100,121,91,95,85,,TRUE
719,Diancie,ROCK,FAIRY,600,50,100,150,100,150,50,,TRUE
719,Mega Diancie,ROCK,FAIRY,700,50,160,110,160,110,110,,TRUE
720,Hoopa Confined,PSYCHIC,GHOST,600,80,110,60,150,130,70,,TRUE
720,Hoopa Unbound,PSYCHIC,DARK,680,80,160,60,170,130,80,,TRUE
721,Volcanion,FIRE,WATER,600,80,110,120,130,90,70,,TRUE
722,Rowlet,GRASS,FLYING,320,68,55,55,50,50,42,,FALSE
723,Dartrix,GRASS,FLYING,420,78,75,75,70,70,52,,FALSE
724,Decidueye,GRASS,GHOST,530,78,107,75,100,100,70,,FALSE
725,Litten,FIRE,,320,45,65,40,60,40,70,,FALSE
726,Torracat,FIRE,,420,65,85,50,80,50,90,,FALSE
727,Incineroar,FIRE,DARK,530,95,115,90,80,90,60,,FALSE
728,Popplio,WATER,,320,50,54,54,66,56,40,,FALSE
729,Brionne,WATER,,420,60,69,69,91,81,50,,FALSE
730,Primarina,WATER,FAIRY,530,80,74,74,126,116,60,,FALSE
731,Pikipek,NORMAL,FLYING,265,35,75,30,30,30,65,,FALSE
732,Trumbeak,NORMAL,FLYING,355,55,85,50,40,50,75,,FALSE
733,Toucannon,NORMAL,FLYING,485,80,120,75,75,75,60,,FALSE
734,Yungoos,NORMAL,,253,48,70,30,30,30,45,,FALSE
735,Gumshoos,NORMAL,,418,88,110,60,55,60,45,,FALSE
736,Grubbin,BUG,,300,47,62,45,55,45,46,,FALSE
737,CharjaBUG,BUG,ELECTRIC,400,57,82,95,55,75,36,,FALSE
738,Vikavolt,BUG,ELECTRIC,500,77,70,90,145,75,43,,FALSE
739,Crabrawler,FIGHTING,,338,47,82,57,42,47,63,,FALSE
740,Crabominable,FIGHTING,ICE,478,97,132,77,62,67,43,,FALSE
741,Oricorio Baile Style,FIRE,FLYING,476,75,70,70,98,70,93,,FALSE
741,Oricorio Pom-Pom Style,ELECTRIC,FLYING,476,75,70,70,98,70,93,,FALSE
741,Oricorio P'au Style,PSYCHIC,FLYING,476,75,70,70,98,70,93,,FALSE
741,Oricorio Sensu Style,GHOST,FLYING,476,75,70,70,98,70,93,,FALSE
742,Cutiefly,BUG,FAIRY,304,40,45,40,55,40,84,,FALSE
743,Ribombee,BUG,FAIRY,464,60,55,60,95,70,124,,FALSE
744,ROCKruff,ROCK,,280,45,65,40,30,40,60,,FALSE
745,Lycanroc Midday Forme,ROCK,,487,75,115,65,55,65,112,,FALSE
745,Lycanroc Midnight Forme,ROCK,,487,85,115,75,55,75,82,,FALSE
745,Lycanroc Dusk Forme,ROCK,,487,75,117,65,55,65,110,,FALSE
746,Wishiwashi Solo Forme,WATER,,175,45,20,20,25,25,40,,FALSE
746,Wishiwashi School Forme,WATER,,620,45,140,130,140,135,30,,FALSE
747,Mareanie,POISON,WATER,305,50,53,62,43,52,45,,FALSE
748,Toxapex,POISON,WATER,495,50,63,152,53,142,35,,FALSE
749,Mudbray,GROUND,,385,70,100,70,45,55,45,,FALSE
750,Mudsdale,GROUND,,500,100,125,100,55,85,35,,FALSE
751,Dewpider,WATER,BUG,269,38,40,52,40,72,27,,FALSE
752,Araquanid,WATER,BUG,454,68,70,92,50,132,42,,FALSE
753,Fomantis,GRASS,,250,40,55,35,50,35,35,,FALSE
754,Lurantis,GRASS,,480,70,105,90,80,90,45,,FALSE
755,Morelull,GRASS,FAIRY,285,40,35,55,65,75,15,,FALSE
756,Shiinotic,GRASS,FAIRY,405,60,45,80,90,100,30,,FALSE
757,Salandit,POISON,FIRE,320,48,44,40,71,40,77,,FALSE
758,Salazzle,POISON,FIRE,480,68,64,60,111,60,117,,FALSE
759,Stufful,NORMAL,FIGHTING,340,70,75,50,45,50,50,,FALSE
760,Bewear,NORMAL,FIGHTING,500,120,125,80,55,60,60,,FALSE
761,Bounsweet,GRASS,,210,42,30,38,30,38,32,,FALSE
762,Steenee,GRASS,,290,52,40,48,40,48,62,,FALSE
763,Tsareena,GRASS,,510,72,120,98,50,98,72,,FALSE
764,Comfey,FAIRY,,485,51,52,90,82,110,100,,FALSE
765,Oranguru,NORMAL,PSYCHIC,490,90,60,80,90,110,60,,FALSE
766,Passimian,FIGHTING,,490,100,120,90,40,60,80,,FALSE
767,Wimpod,BUG,WATER,230,25,35,40,20,30,80,,FALSE
768,Golisopod,BUG,WATER,530,75,125,140,60,90,40,,FALSE
769,Sandygast,GHOST,GROUND,320,55,55,80,70,45,15,,FALSE
770,Palossand,GHOST,GROUND,480,85,75,110,100,75,35,,FALSE
771,Pyukumuku,WATER,,410,55,60,130,30,130,5,,FALSE
772,Type: Null,NORMAL,,534,95,95,95,95,95,59,,FALSE
773,Silvally,NORMAL,,570,95,95,95,95,95,95,,FALSE
774,Minior Meteor Forme,ROCK,FLYING,440,60,60,100,60,100,60,,FALSE
774,Minior Core Forme,ROCK,FLYING,500,60,100,60,100,60,120,,FALSE
775,Komala,NORMAL,,480,65,115,65,75,95,65,,FALSE
776,Turtonator,FIRE,DRAGON,485,60,78,135,91,85,36,,FALSE
777,Togedemaru,ELECTRIC,STEEL,435,65,98,63,40,73,96,,FALSE
778,Mimikyu,GHOST,FAIRY,476,55,90,80,50,105,96,,FALSE
779,Bruxish,WATER,PSYCHIC,475,68,105,70,70,70,92,,FALSE
780,Drampa,NORMAL,DRAGON,485,78,60,85,135,91,36,,FALSE
781,Dhelmise,GHOST,GRASS,517,70,131,100,86,90,40,,FALSE
782,Jangmo-o,DRAGON,,300,45,55,65,45,45,45,,FALSE
783,Hakamo-o,DRAGON,FIGHTING,420,55,75,90,65,70,65,,FALSE
784,Kommo-o,DRAGON,FIGHTING,600,75,110,125,100,105,85,,FALSE
785,Tapu Koko,ELECTRIC,FAIRY,570,70,115,85,95,75,130,,TRUE
786,Tapu Lele,PSYCHIC,FAIRY,570,70,85,75,130,115,95,,TRUE
787,Tapu Bulu,GRASS,FAIRY,570,70,130,115,85,95,75,,TRUE
788,Tapu Fini,WATER,FAIRY,570,70,75,115,95,130,85,,TRUE
789,Cosmog,PSYCHIC,,200,43,29,31,29,31,37,,TRUE
790,Cosmoem,PSYCHIC,,400,43,29,131,29,131,37,,TRUE
791,Solgaleo,PSYCHIC,STEEL,680,137,137,107,113,89,97,,TRUE
792,Lunala,PSYCHIC,GHOST,680,137,113,89,137,107,97,,TRUE
793,Nihilego,ROCK,POISON,570,109,53,47,127,131,103,,FALSE
794,Buzzwole,BUG,FIGHTING,570,107,139,139,53,53,79,,FALSE
795,Pheromosa,BUG,FIGHTING,570,71,137,37,137,37,151,,FALSE
796,Xurkitree,ELECTRIC,,570,83,89,71,173,71,83,,FALSE
797,CeleSTEELa,STEEL,FLYING,570,97,101,103,107,101,61,,FALSE
798,Kartana,GRASS,STEEL,570,59,181,131,59,31,109,,FALSE
799,Guzzlord,DARK,DRAGON,570,223,101,53,97,53,43,,FALSE
800,Necrozma,PSYCHIC,,600,97,107,101,127,89,79,,TRUE
800,Dusk Mane Necrozma,PSYCHIC,STEEL,680,97,157,127,113,109,77,,TRUE
800,Dawn Wings Necrozma,PSYCHIC,GHOST,680,97,113,109,157,127,77,,TRUE
800,Ultra Necrozma,PSYCHIC,DRAGON,754,97,167,97,167,97,129,,TRUE
801,Magearna,STEEL,FAIRY,600,80,95,115,130,115,65,,TRUE
802,Marshadow,FIGHTING,GHOST,600,90,125,80,90,90,125,,TRUE
803,Poipole,POISON,,420,67,73,67,73,67,73,,FALSE
804,Naganadel,POISON,DRAGON,540,73,73,73,127,73,121,,FALSE
805,Stakataka,ROCK,STEEL,570,61,131,211,53,101,13,,FALSE
806,Blacephalon,FIRE,GHOST,570,53,127,53,151,79,107,,FALSE
807,Zeraora,ELECTRIC,,600,88,112,75,102,80,143,,TRUE
808,Meltan,STEEL,,300,46,65,65,55,35,34,,TRUE
809,Melmetal,STEEL,,600,135,143,143,80,65,34,,TRUE
809,Gigantamax Melmetal,STEEL,,600,135,143,143,80,65,34,,TRUE
810,Grookey,GRASS,,310,50,65,50,40,40,65,,FALSE
811,Thwackey,GRASS,,420,70,85,70,55,60,80,,FALSE
812,Rillaboom,GRASS,,530,100,125,90,60,70,85,,FALSE
812,Gigantamax Rillaboom,GRASS,,530,100,125,90,60,70,85,,FALSE
813,Scorbunny,FIRE,,310,50,71,40,40,40,69,,FALSE
814,Raboot,FIRE,,420,65,86,60,55,60,94,,FALSE
815,Cinderace,FIRE,,530,80,116,75,65,75,119,,FALSE
815,Gigantamax Cinderace,FIRE,,530,80,116,75,65,75,119,,FALSE
816,Sobble,WATER,,310,50,40,40,70,40,70,,FALSE
817,Drizzile,WATER,,420,65,60,55,95,55,90,,FALSE
818,Inteleon,WATER,,530,70,85,65,125,65,120,,FALSE
818,Gigantamax Inteleon,WATER,,530,70,85,65,125,65,120,,FALSE
819,Skwovet,NORMAL,,275,70,55,55,35,35,25,,FALSE
820,Greedent,NORMAL,,460,120,95,95,55,75,20,,FALSE
821,Rookidee,FLYING,,245,38,47,35,33,35,57,,FALSE
822,Corvisquire,FLYING,,365,68,67,55,43,55,77,,FALSE
823,Corviknight,FLYING,STEEL,495,98,87,105,53,85,67,,FALSE
823,Gigantamax Corviknight,FLYING,STEEL,495,98,87,105,53,85,67,,FALSE
824,BlipBUG,BUG,,180,25,20,20,25,45,45,,FALSE
825,Dottler,BUG,PSYCHIC,335,50,35,80,50,90,30,,FALSE
826,Orbeetle,BUG,PSYCHIC,505,60,45,110,80,120,90,,FALSE
826,Gigantamax Orbeetle,BUG,PSYCHIC,505,60,45,110,80,120,90,,FALSE
827,Nickit,DARK,,245,40,28,28,47,52,50,,FALSE
828,Thievul,DARK,,455,70,58,58,87,92,90,,FALSE
829,Gossifleur,GRASS,,250,40,40,60,40,60,10,,FALSE
830,Eldegoss,Graass,,460,60,50,90,80,120,60,,FALSE
831,Wooloo,NORMAL,,270,42,40,55,40,45,48,,FALSE
832,Dubwool,NORMAL,,490,72,80,100,60,90,88,,FALSE
833,Chewtle,WATER,,284,50,64,50,38,38,44,,FALSE
834,Drednaw,WATER,ROCK,485,90,115,90,48,68,74,,FALSE
834,Gigantamax Drednaw,WATER,ROCK,485,90,115,90,48,68,74,,FALSE
835,Yamper,ELECTRIC,,270,59,45,50,40,50,26,,FALSE
836,Boltund,ELECTRIC,,490,69,90,60,90,60,121,,FALSE
837,Rolycoly,ROCK,,240,30,40,50,40,50,30,,FALSE
838,Carkol,ROCK,FIRE,410,80,60,90,60,70,50,,FALSE
839,Coalossal,ROCK,FIRE,510,110,80,120,80,90,30,,FALSE
839,Gigantamax Coalossal,ROCK,FIRE,510,110,80,120,80,90,30,,FALSE
840,Applin,GRASS,DRAGON,260,40,40,80,40,40,20,,FALSE
841,Flapple,GRASS,DRAGON,485,70,110,80,95,60,70,,FALSE
841,Gigantamax Flapple,GRASS,DRAGON,485,70,110,80,95,60,70,,FALSE
842,Appletun,GRASS,DRAGON,485,110,85,80,100,80,30,,FALSE
842,Gigantamax Appletun,GRASS,DRAGON,485,110,85,80,100,80,30,,FALSE
843,Silicobra,GROUND,,315,52,57,75,35,50,46,,FALSE
844,Sandaconda,GROUND,,510,72,107,125,65,70,71,,FALSE
844,Gigantamax Sandaconda,GROUND,,510,72,107,125,65,70,71,,FALSE
845,Cramorant,FLYING,WATER,475,70,85,55,85,95,85,,FALSE
846,Arrokuda,WATER,,280,41,63,40,40,30,66,,FALSE
847,Barraskewda,WATER,,490,61,123,60,60,50,136,,FALSE
848,Toxel,ELECTRIC,POISON,242,40,38,35,54,35,40,,FALSE
849,Toxtricity Amped Forme,ELECTRIC,POISON,502,75,98,70,114,70,75,,FALSE
849,Toxitricity Low Key Forme,ELECTRIC,POISON,502,75,98,70,114,70,75,,FALSE
849,Gigantamax Toxitricity,ELECTRIC,POISON,502,75,98,70,114,70,75,,FALSE
850,Sizzlipede,FIRE,BUG,305,50,65,45,50,50,45,,FALSE
851,Centiskorch,FIRE,BUG,525,100,115,65,90,90,65,,FALSE
851,Gigantamax Centiskorch,FIRE,BUG,525,100,115,65,90,90,65,,FALSE
852,Clobbopus,FIGHTING,,310,50,68,60,50,50,32,,FALSE
853,Grapploct,FIGHTING,,480,80,118,90,70,80,42,,FALSE
854,Sinistea,GHOST,,308,40,45,45,74,54,50,,FALSE
855,Polteageist,GHOST,,508,60,65,65,134,114,70,,FALSE
856,Hatenna,PSYCHIC,,265,42,30,45,56,53,39,,FALSE
857,Hattrem,PSYCHIC,,370,57,40,65,86,73,49,,FALSE
858,Hatterene,PSYCHIC,FAIRY,510,57,90,95,136,103,29,,FALSE
858,Gigantamax Hatterene,PSYCHIC,FAIRY,510,57,90,95,136,103,29,,FALSE
859,Impidimp,DARK,FAIRY,265,45,45,30,55,40,50,,FALSE
860,Morgrem,DARK,FAIRY,370,65,60,45,75,55,70,,FALSE
861,Grimmsnarl,DARK,FAIRY,510,95,120,65,95,75,60,,FALSE
861,Gigantamax Grimmsnarl,DARK,FAIRY,510,95,120,65,95,75,60,,FALSE
862,Obstagoon,DARK,NORMAL,520,93,90,101,60,81,95,,FALSE
863,Perrserker,STEEL,,440,70,110,100,50,60,50,,FALSE
864,Cursola,GHOST,,510,60,95,50,145,130,30,,FALSE
865,Sirfetch'd,FIGHTING,,507,62,135,95,68,82,65,,FALSE
866,Mr. Rime,ICE,PSYCHIC,520,80,85,75,110,100,70,,FALSE
867,Runerigus,GROUND,GHOST,483,58,95,145,50,105,30,,FALSE
868,Milcery,FAIRY,,270,45,40,40,50,61,34,,FALSE
869,Alcremie,FAIRY,,495,65,60,75,110,121,64,,FALSE
869,Gigantamax Alcremie,FAIRY,,495,65,60,75,110,121,64,,FALSE
870,Falinks,FIGHTING,,470,65,100,100,70,60,75,,FALSE
871,Pincurchin,ELECTRIC,,435,48,101,95,91,85,15,,FALSE
872,Snom,ICE,BUG,185,30,25,35,45,30,20,,FALSE
873,Frosmoth,ICE,BUG,475,70,65,60,125,90,65,,FALSE
874,Stonjourner,ROCK,,470,100,125,135,20,20,70,,FALSE
875,Eiscue ICE Face,ICE,,470,75,80,110,65,90,50,,FALSE
875,Eiscue NoICE Face,ICE,,470,75,80,70,65,50,130,,FALSE
876,Indeedee♂,PSYCHIC,NORMAL,475,60,65,55,105,95,95,,FALSE
876,Indeedee♀,PSYCHIC,NORMAL,475,70,55,65,95,105,85,,FALSE
877,Morpeko Full Belly Mode,ELECTRIC,DARK,436,58,95,58,70,58,97,,FALSE
877,Morpeko Hangry Mode,ELECTRIC,DARK,436,58,95,58,70,58,97,,FALSE
878,Cufant,STEEL,,330,72,80,49,40,49,40,,FALSE
879,Copperajah,STEEL,,500,122,130,69,80,69,30,,FALSE
879,Gigantamax Copperajah,STEEL,,500,122,130,69,80,69,30,,FALSE
880,Dracozolt,ELECTRIC,DRAGON,505,90,100,90,80,70,75,,FALSE
881,Arctozolt,ELECTRIC,ICE,505,90,100,90,90,80,55,,FALSE
882,Dracovish,WATER,DRAGON,505,90,90,100,70,80,75,,FALSE
883,Arctovish,WATER,ICE,505,90,90,100,80,90,55,,FALSE
884,Duraludon,STEEL,DRAGON,535,70,95,115,120,50,85,,FALSE
884,Gigantamax Duraludon,STEEL,DRAGON,535,70,95,115,120,50,85,,FALSE
885,Dreepy,DRAGON,GHOST,270,28,60,30,40,30,82,,FALSE
886,Drakloak,DRAGON,GHOST,410,68,80,50,60,50,102,,FALSE
887,Dragapult,DRAGON,GHOST,600,88,120,75,100,75,142,,FALSE
888,Zacian Hero of Many Battles,FAIRY,,670,92,130,115,80,115,138,,TRUE
888,Zacian Crowned Sword Forme,FAIRY,STEEL,720,92,170,115,80,115,148,,TRUE
889,Zamazenta Hero of Many Battles,FIGHTING,,670,92,130,115,80,115,138,,TRUE
889,Zamazenta Crowned Sheild Forme,FIGHTING,STEEL,720,92,130,145,80,145,128,,TRUE
890,Eternatus,POISON,DRAGON,690,140,85,95,145,95,130,,TRUE
890,Eternamax Eternatus,POISON,DRAGON,1125,255,115,250,125,250,130,,TRUE
891,Kubfu,FIGHTING,,385,60,90,60,53,50,72,,TRUE
892,Urshifu Single Strike Style,FIGHTING,DARK,550,100,130,100,63,60,97,,TRUE
892,Gigantamax Urshifu Single Strike Style,FIGHTING,DARK,550,100,130,100,63,60,97,,TRUE
892,Urshifu Rapid Strike Style,FIGHTING,WATER,550,100,130,100,63,60,97,,TRUE
892,Gigantamax Urshifu Rapid Strike Style,FIGHTING,WATER,550,100,130,100,63,60,97,,TRUE
893,Zarude,DARK,GRASS,600,105,120,105,70,95,105,,TRUE
893,Dada Zarude,DARK,GRASS,600,105,120,105,70,95,105,,TRUE
894,Regieleki,ELECTRIC,,580,80,100,50,100,50,200,,TRUE
895,Regidrago,DRAGON,,580,200,100,50,100,50,80,,TRUE
896,Glastrier,ICE,,580,100,145,130,65,110,30,,TRUE
897,Spectrier,GHOST,,580,100,65,60,145,80,130,,TRUE
898,Calyrex,PSYCHIC,GRASS,500,100,80,80,80,80,80,,TRUE
898,ICE Rider Calyrex,PSYCHIC,ICE,680,100,165,150,85,130,50,,TRUE
898,Shadow Rider Calyrex,PSYCHIC,GHOST,680,100,85,80,165,100,150,,TRUE
